{
  "Baexem|Niederlande": [
    51.2261401,
    5.8831207
  ],
  "Schoorl|Niederlande": [
    52.7009081,
    4.693947
  ],
  "Spijkenisse|Niederlande": [
    51.8464881,
    4.3287681
  ],
  "Papendrecht|Niederlande": [
    51.834667,
    4.7046883
  ],
  "Hoogvliet|Niederlande": [
    51.8652855,
    4.3641111
  ],
  "Rijswijk|Niederlande": [
    52.0446265,
    4.3188215
  ],
  "Drenthe|Niederlande": [
    52.9067922,
    6.6368423
  ],
  "Eindhoven|Niederlande": [
    51.4392648,
    5.478633
  ],
  "Ridderkerk|Niederlande": [
    51.8709913,
    4.5926479
  ],
  "Roosendaal|Niederlande": [
    51.5331484,
    4.4561276
  ],
  "Niederlande Opsporing|Niederlande": [
    null,
    null
  ],
  "Rotterdam|Niederlande": [
    51.9244424,
    4.47775
  ],
  "Utrecht Politie|Niederlande": [
    52.0209404,
    5.1520048
  ],
  "Loosdrecht Bij|Niederlande": [
    null,
    null
  ],
  "Arnhem|Niederlande": [
    51.984257,
    5.9108573
  ],
  "Capelle|Niederlande": [
    51.6918045,
    4.9855445
  ],
  "West Yorkshire Police|Vereinigtes Königreich": [
    53.6571782,
    -1.5230933
  ],
  "Huddersfield|Vereinigtes Königreich": [
    53.6466645,
    -1.7822482
  ],
  "Kirklees Man|Vereinigtes Königreich": [
    53.6157078,
    -2.3362127
  ],
  "Connection|Vereinigtes Königreich": [
    53.7409462,
    -0.338752
  ],
  "West Yorkshire|Vereinigtes Königreich": [
    53.7414271,
    -1.7202004
  ],
  "Bradford|Vereinigtes Königreich": [
    53.7944229,
    -1.7519186
  ],
  "Kirklees|Vereinigtes Königreich": [
    53.6422635,
    -1.7809433
  ],
  "Vlissingen|Niederlande": [
    51.4480929,
    3.5697992
  ],
  "Middelburg|Niederlande": [
    51.4996784,
    3.6137371
  ],
  "Hoofddorp|Niederlande": [
    52.305554,
    4.6926644
  ],
  "Lekstraat|Niederlande": [
    52.3446584,
    4.9035921
  ],
  "London|Vereinigtes Königreich": [
    51.5074456,
    -0.1277653
  ],
  "Noordwijkerhout|Niederlande": [
    52.2629093,
    4.490519
  ],
  "Emmen|Niederlande": [
    52.7528662,
    6.9525135
  ],
  "Wakefield|Vereinigtes Königreich": [
    53.6829541,
    -1.4967286
  ],
  "Yorkshire|Vereinigtes Königreich": [
    53.9825271,
    -1.38525
  ],
  "Bayern": [
    48.9467562,
    11.4038717
  ],
  "Mehrfamilienhaus": [
    54.3024349,
    10.8553124
  ],
  "Höchstadt": [
    49.2416656,
    8.2109957
  ],
  "Regenstauf\nAuf": [
    null,
    null
  ],
  "Fabrikgebäude\nBrand": [
    null,
    null
  ],
  "Nürnberg": [
    49.453872,
    11.077298
  ],
  "Erding\nAuf": [
    null,
    null
  ],
  "Traunreut": [
    47.9623271,
    12.5924162
  ],
  "Memmingen": [
    47.9863099,
    10.1808016
  ],
  "Roth\nAuf": [
    51.3876635,
    6.5095552
  ],
  "Mehrfamilienhaus\nAuf": [
    null,
    null
  ],
  "Brand": [
    49.961395,
    11.8988419
  ],
  "Pfaffing\nAuf": [
    null,
    null
  ],
  "Krankenhaus": [
    48.8142806,
    11.5072863
  ],
  "Machtling": [
    null,
    null
  ],
  "Untersuchungshaft\nAuf": [
    null,
    null
  ],
  "Solarpark": [
    51.4874686,
    10.7937043
  ],
  "Vollbrand\nAuf": [
    null,
    null
  ],
  "Neu-Ulm": [
    48.3953489,
    10.0005211
  ],
  "Asylbewerberunterkunft": [
    49.0360936,
    8.6970826
  ],
  "Regensburg": [
    49.0195333,
    12.0974869
  ],
  "Dachau": [
    48.2592477,
    11.4354419
  ],
  "Werkstatthalle\nPressemeldung": [
    null,
    null
  ],
  "Haft": [
    48.6574397,
    8.1179253
  ],
  "Wohnhaus": [
    51.0321275,
    6.3230113
  ],
  "Einkaufszentrum": [
    53.9880178,
    11.196446
  ],
  "Regensburg\nAuf": [
    49.0349549,
    12.0587612
  ],
  "Hemau\nAuf": [
    null,
    null
  ],
  "Wohnhaus\nAuf": [
    48.793497,
    9.1908213
  ],
  "Zusammenhang": [
    52.4733893,
    13.4498925
  ],
  "Preinerszell": [
    48.53648,
    11.6062114
  ],
  "Verbrauchermarkt\nAuf": [
    null,
    null
  ],
  "Fürth": [
    49.4885711,
    10.9587203
  ]
}