{
  "Baexem|Niederlande": [
    51.2261401,
    5.8831207
  ],
  "Niederlande|Niederlande": [
    52.2434979,
    5.6343227
  ],
  "Schoorl|Niederlande": [
    52.7009081,
    4.693947
  ],
  "Spijkenisse|Niederlande": [
    51.8464881,
    4.3287681
  ],
  "Papendrecht|Niederlande": [
    51.834667,
    4.7046883
  ],
  "Hoogvliet|Niederlande": [
    51.8652855,
    4.3641111
  ],
  "Rijswijk|Niederlande": [
    52.0446265,
    4.3188215
  ],
  "Drenthe|Niederlande": [
    52.9067922,
    6.6368423
  ],
  "Eindhoven|Niederlande": [
    51.4392648,
    5.478633
  ],
  "Ridderkerk|Niederlande": [
    51.8709913,
    4.5926479
  ],
  "Roosendaal|Niederlande": [
    51.5331484,
    4.4561276
  ],
  "Niederlande Opsporing|Niederlande": [
    null,
    null
  ],
  "Rotterdam|Niederlande": [
    51.9244424,
    4.47775
  ],
  "Utrecht Politie|Niederlande": [
    52.0209404,
    5.1520048
  ],
  "Loosdrecht Bij|Niederlande": [
    null,
    null
  ],
  "Arnhem|Niederlande": [
    51.984257,
    5.9108573
  ],
  "Capelle|Niederlande": [
    51.6918045,
    4.9855445
  ],
  "West Yorkshire Police|Vereinigtes Königreich": [
    53.6571782,
    -1.5230933
  ],
  "Huddersfield|Vereinigtes Königreich": [
    53.6466645,
    -1.7822482
  ],
  "Kirklees Man|Vereinigtes Königreich": [
    53.6157078,
    -2.3362127
  ],
  "Connection|Vereinigtes Königreich": [
    53.7409462,
    -0.338752
  ],
  "West Yorkshire|Vereinigtes Königreich": [
    53.7414271,
    -1.7202004
  ],
  "Bradford|Vereinigtes Königreich": [
    53.7944229,
    -1.7519186
  ],
  "Kirklees|Vereinigtes Königreich": [
    53.6422635,
    -1.7809433
  ],
  "Vlissingen|Niederlande": [
    51.4480929,
    3.5697992
  ],
  "Middelburg|Niederlande": [
    51.4996784,
    3.6137371
  ],
  "Hoofddorp|Niederlande": [
    52.305554,
    4.6926644
  ],
  "Lekstraat|Niederlande": [
    52.3446584,
    4.9035921
  ],
  "München|Deutschland": [
    48.1371079,
    11.5753822
  ],
  "Nürnberg|Deutschland": [
    49.453872,
    11.077298
  ],
  "Würzburg|Deutschland": [
    49.7780356,
    9.9434769
  ],
  "Bayreuth|Deutschland": [
    49.9446345,
    11.5743543
  ],
  "Regensburg|Deutschland": [
    49.0195333,
    12.0974869
  ],
  "Landshut|Deutschland": [
    48.536217,
    12.1516551
  ],
  "London|Vereinigtes Königreich": [
    51.5074456,
    -0.1277653
  ]
}